Refined Metal Soap, Natus rerum rem repellendus aut quisquam dolorum reiciendis a	Nicolas - Daugherty	4.5	2770	15	$18.00	70%	$5.40	1	["Voluptatibus quia enim qui alias natus qui aut autem. Omnis doloribus asperiores. Ducimus et at quaerat. Aut sed quasi ullam iure perspiciatis eos exercitationem. Et animi non omnis ad odio facilis.","Pariatur magnam ipsam voluptas molestiae sint ipsam autem dolores deserunt. Eum dolor sunt temporibus explicabo tenetur iste velit dolor quaerat. Libero voluptate reprehenderit facere id qui. Voluptatem architecto omnis officia consequatur eos. Accusamus aut dolorem magnam nulla.","Animi nemo laboriosam praesentium occaecati culpa. Maxime et nobis a veniam. Dicta ea sapiente labore aperiam. Velit ex et porro sapiente.","Dolorem rerum vel quaerat autem non eos velit commodi. Dicta debitis ea ut veniam praesentium sit in reiciendis repellendus. Ex placeat dolorum ab delectus alias.","Magni mollitia sint. Officiis assumenda fugit voluptatem et quibusdam. Molestiae voluptas iure totam aliquam et debitis."]
Small Fresh Hat, Sequi incidunt quisquam ut ex reprehenderit non qui consequatur	Mills and Sons	2	199	32	$3012.00	10%	$2710.80	0	["Quasi dicta ut saepe sit ut doloribus sit eveniet saepe. Quia et quo minima voluptatem itaque explicabo hic et omnis. Earum rerum voluptas quam hic iste inventore sit debitis rerum. Sint quia eligendi ea non cumque quos aliquam. Voluptatem quasi vitae itaque nihil similique. Ab excepturi sequi rem tempora.","Earum aut deleniti ipsa et ullam qui. Eum facilis consequuntur a rem ut voluptate sequi voluptatum. Nobis molestiae provident et totam recusandae quo molestias.","Consectetur earum asperiores architecto aspernatur numquam occaecati libero. Numquam vitae voluptatem iure. Harum animi quaerat ipsum. Quo eum dolores aperiam quo sit odio reprehenderit. Doloribus voluptates quam velit eos natus labore minus veritatis.","Nobis reiciendis quam debitis qui veniam ut. Nihil id eos quasi. Ex qui aut. Nihil repudiandae commodi quo rem sed nulla sed qui fugiat. Aut et dolore eius officia officia qui et rem."]
Gorgeous Wooden Bike, Et enim sequi voluptatem amet omnis magni sit fugit	Gleichner, Skiles and Beier	2	1294	27	$3438.00	60%	$1375.20	0	["Assumenda minima aut. Autem at et natus debitis laboriosam sint sed deserunt. Tempore minima eos. Sequi consectetur aliquid pariatur itaque tempora assumenda omnis quidem quae.","Voluptatibus laboriosam quasi tempora recusandae accusamus. Quidem ea id. Quia debitis mollitia. Illo aut architecto nisi quos.","Vero porro et expedita nesciunt et reiciendis. Dolorum dolorum aut vel rem voluptas consequatur enim asperiores quis. Dolorem unde quos facilis aut maxime quis non. Aspernatur ex recusandae dignissimos non esse aut sed dolores. Voluptatem ab non delectus consequatur id iure doloribus iusto.","Error velit rerum omnis. Quae aut autem quod numquam non corrupti libero corporis neque. Aut repudiandae molestias et ut.","Voluptatum et quam libero cupiditate ipsum inventore voluptatem aliquam vel. Amet placeat dolorem explicabo et consequatur est. Molestias in molestiae voluptatem temporibus possimus. Sed dolores quos. Non sunt voluptas nihil ut. Ullam quasi a ut sequi beatae illo.","Error atque velit enim. Explicabo officia qui excepturi et. Et qui id dicta qui qui illum. Eligendi in laborum tempora et excepturi enim mollitia laborum. Nihil reiciendis rem explicabo nihil repellendus consectetur ea laudantium similique. Sint veniam voluptas.","Nam qui fugiat praesentium. Voluptatem eum pariatur quam labore quaerat explicabo. Omnis consequatur nesciunt. A vel tempore provident. Dolorum nesciunt aut esse quam sit libero. Earum quia consequatur et consectetur.","Asperiores harum maxime laborum exercitationem. Quasi et inventore rem et. Adipisci reiciendis veniam sint dolores aut quo quo velit ea. Blanditiis doloribus quidem rem aut. Sunt est qui sint voluptate est enim est. Doloremque suscipit magni nemo qui quia."]
Small Concrete Hat, Ut qui est unde sit deserunt temporibus optio	Senger - Homenick	3.5	2875	48	$991.00		$991.00	0	["Molestiae sed nobis voluptas eum voluptas. Omnis ipsum laboriosam amet. Voluptatem non odio voluptatem explicabo. Nobis numquam excepturi sunt."]
Unbranded Metal Keyboard, Perferendis in maxime aliquam nihil qui aliquid sit eos nisi	Mann - Lesch	1.5	493	6	$591.00		$591.00	1	["Quaerat impedit blanditiis omnis ducimus rem. Vero quasi voluptate reprehenderit sequi voluptatibus soluta occaecati. Cumque optio quaerat ut et. Modi velit cum ut modi et voluptatem deserunt delectus. Vel illo expedita vel ut accusantium enim adipisci.","Sit voluptate vel incidunt delectus. Et porro blanditiis amet molestias beatae temporibus expedita. Tempore odit repellendus quam et maxime fugiat. Non quidem est magni consequatur amet deleniti dolores."]
Awesome Soft Gloves, Qui molestiae libero eligendi fugiat cum atque sint	Carroll - Gislason	3	1182	10	$3347.00	40%	$2008.20	0	["Delectus placeat debitis est. Ut qui laborum error repellendus ut voluptatum labore non. Beatae quae facilis. Sit non odio.","Autem est asperiores asperiores tenetur. Labore accusamus ut commodi rem sed in rerum velit dolorem. Ipsam eaque consectetur. Ipsam asperiores perspiciatis nobis.","Reprehenderit ut repellendus. Necessitatibus voluptas magnam dolore sapiente amet corrupti dolore est. Dicta rerum consectetur a error. Doloribus porro blanditiis. Occaecati praesentium voluptas ratione aliquam aliquid libero accusantium consequatur voluptates. Dolores est voluptates reprehenderit.","Quo rerum id accusamus aliquam et aut nihil inventore recusandae. Saepe itaque quis iure repellat sit maiores et eos. Voluptatem perspiciatis laboriosam fuga enim debitis dolorem nobis.","Eum labore est occaecati. Aut autem sit laborum rerum. Qui explicabo aliquid suscipit sed modi incidunt quo quo aut.","Sapiente aperiam error nisi accusantium aut. Et sunt dolorum sunt fuga inventore quia beatae. Est sapiente aut cupiditate voluptatem repudiandae sint architecto voluptas. Illum est aut aspernatur est quos.","Quia eaque itaque similique. Qui nemo saepe. Rem dolorem et atque aliquam placeat.","Minima quidem ex quod ut pariatur libero illo rerum. Quaerat est recusandae tempore. Non consectetur ut modi modi pariatur nisi voluptatibus."]
Sleek Soft Tuna, Dolore sunt porro sunt voluptates asperiores sit et iste occaecati	Schiller - Yundt	4.5	692	4	$4074.00	30%	$2851.80	1	["Expedita ducimus nulla sit quia. A recusandae molestiae mollitia dolores. Eum rerum excepturi id. Ea similique reprehenderit et dolorem et doloremque.","Alias doloremque cum culpa autem numquam earum quia voluptate illo. Tempora velit et placeat ea qui quidem ratione. Eius rerum ducimus incidunt amet. Fugiat nihil a architecto eum vitae officia temporibus laudantium maiores. Voluptatibus officia qui qui pariatur ut tenetur sunt est. Non inventore dicta accusantium autem.","Quos et qui illum tenetur est. Dolor hic minima vero omnis amet et. Ratione velit laboriosam a illo tempore.","Alias culpa ad ex ut assumenda aspernatur alias. Veniam possimus inventore nihil quae eaque dolore sunt sint. Error minus laudantium. Sit aut minus tempora accusantium velit. Dicta atque quia eum.","Excepturi quidem sed soluta cum eum dolor. Qui dolorem facilis ad modi pariatur ab error recusandae. Perspiciatis qui consequuntur voluptatem voluptatum molestias et nihil. Distinctio alias dolorem sed distinctio dolorem. Magnam error omnis praesentium pariatur. Molestias voluptas neque nobis voluptas maxime consequatur vero et.","Eum expedita exercitationem dolorem eos sapiente quia. Consequatur suscipit dolorum consectetur qui provident aliquid omnis. Sed itaque est. Qui labore totam maiores cupiditate. Suscipit ut qui facere dolores quia.","Eligendi quas maxime accusamus quae. Expedita esse similique et quia omnis atque dolore. Et esse numquam minima ab omnis omnis illum vitae ut."]
Handmade Fresh Bike, Numquam saepe totam quibusdam	Sauer - O'Keefe	4	2325	40	$1936.00		$1936.00	1	["Sint similique rerum modi aliquam aut error ratione magni. Est quis labore voluptatibus corporis libero eligendi occaecati. Aperiam dolores fuga ducimus. Exercitationem possimus nihil.","Enim cupiditate sed qui omnis qui et. Ut ipsum nobis voluptate vitae quos magni odit. Nemo quia distinctio dolor ipsum natus.","Quas illo et voluptatem harum rerum sunt nesciunt animi. Maiores dolorem unde voluptatem. Aut quam velit. Suscipit hic laboriosam maxime. Ipsum quas soluta quis.","Nobis rerum repellendus consequuntur cumque architecto nihil nostrum voluptate atque. Nostrum id suscipit id. Et qui explicabo recusandae ipsam veniam consequuntur et. Vel maxime et quia nihil. Suscipit vero aspernatur sunt sequi expedita. Reiciendis eius omnis eligendi quos vel veniam.","Et quas tenetur minus voluptas praesentium nostrum ex. Quis quaerat et est. Necessitatibus et odit autem repellat. Quibusdam minus voluptatem deserunt officiis ad necessitatibus laborum. Velit qui nulla facilis perferendis."]
Small Soft Ball, Quia quisquam velit quis voluptas sit autem explicabo quia velit	Pouros, Howe and O'Hara	4	716	15	$179.00		$179.00	1	["Eius nam placeat molestiae cum saepe optio similique dolorum. Tenetur odit voluptatum enim est assumenda et voluptatem dolores labore. Nesciunt ratione praesentium ut eos voluptates sunt. Tempora eum et sunt. Voluptatem ut quo corrupti excepturi amet soluta et exercitationem. Iste omnis ullam consectetur consequatur ducimus asperiores illo.","Qui iusto quibusdam deleniti voluptatem asperiores perferendis et. Rerum reprehenderit molestias quibusdam perferendis explicabo consequuntur tempore necessitatibus. Consequatur assumenda beatae iusto.","Odit sit atque et numquam. Quo doloremque officia et enim incidunt enim cum velit quo. Esse magnam asperiores eos deleniti modi est.","Ex et aut officiis. Aliquam totam eos maxime. Accusantium praesentium accusamus ut dolor nobis ducimus excepturi voluptatem rem. Minus esse quo qui dolor ducimus non."]
Incredible Plastic Soap, At ipsum occaecati ea quod voluptatum est ipsa	Little, Yundt and Stamm	1.5	1424	31	$3500.00	50%	$1750.00	1	["Autem debitis quia sed sequi quisquam. Qui ab repudiandae. Consequatur commodi aut esse autem dolorem reiciendis. Harum officia assumenda repellendus quae rerum perferendis doloremque explicabo deleniti.","Ducimus ut et tenetur unde magnam accusamus doloribus rem. Labore sapiente vel in commodi ut voluptatem architecto. Fuga harum vel et qui. Sapiente et dignissimos praesentium sit vitae vel odio. Molestiae vel temporibus dicta aperiam quidem sunt placeat eum. Vel est cum non.","Dicta necessitatibus facere sapiente. Rem nostrum ex voluptas et laboriosam non. Praesentium quidem ut. Voluptate culpa quia ea saepe ea. Iste eius dolorem sapiente. Dolor sint voluptatibus.","Est ut consequatur. Animi ipsum earum non magnam nihil. Ea nisi neque. Accusantium qui quo et non officiis autem delectus. Architecto tempore voluptatem.","Architecto aut fugit odit. Quia et quis sequi dolore neque nam. Et quam totam consequatur omnis ex numquam adipisci aperiam. Vitae vero in maiores quo. Ea velit pariatur non et et quos autem.","Earum voluptas et accusantium. Nihil magnam nobis voluptatem ex aspernatur omnis temporibus est qui. Tenetur et provident id cum sequi delectus aut facere assumenda. Numquam deserunt dolorem sit rerum eum facere. Adipisci dolorem recusandae perspiciatis placeat necessitatibus fugit labore voluptates. Similique sit aperiam dicta qui fugiat magni dolores."]
